,name,r2,MAE,MSE,RMSE,Adjusted_r2
0,Linear_regression,0.6352531811021526,1427.0445740511145,2980459.8151740194,37.77624351429235,3648.1034421595764
1,Random_Forest,0.6020899845714907,1472.2175679809525,3251446.618845193,38.369487460493296,3979.702244269665
2,XGBoost_Regression,0.6147912740707397,1457.957621459961,3147660.6051614196,38.18321125128112,3852.7020505666733
